序号	行号	字符串内容
1	58	你更喜欢哪种版型？
2	58	可以多选，也可以稍后在档案里修改
3	59	配色上你更常穿哪一类？
4	59	按平时最常穿的颜色？
5	60	这些风格里，你会穿哪些？
6	60	可以多选
7	61	对叠穿的态度？
8	61	叠穿指外套、衬衫叠搭等多层穿法
9	61	喜欢
10	61	无所谓
11	61	不喜欢
12	62	对图案和配饰的接受度？
13	62	印花、图案单品与配饰
14	62	喜欢
15	62	无所谓
16	62	不喜欢
17	63	出门时你更看重什么？
18	63	只会影响推荐顺序，不会排除衣物
19	63	舒适
20	63	正式感
21	63	个性表达
22	63	显瘦
23	77	上课
24	83	全部
25	84	全部状态
26	91	上课
27	137	手动温度
28	166	本地记录无法读取。已显示只读示例，可在“我的”重置演示
29	274	今日
30	275	衣橱
31	276	搭配
32	277	我的
33	295	仓储尚未就绪
34	356	本次修改尚未保存到本机，请检查存储空间后点击此处重试
35	370	全部
36	371	全部状态
37	379	艺起搭 · 
38	379	穿搭\n
39	380	\n来自艺起搭本地演示版
40	386	未能打开系统分享，请稍后重试
41	412	请先选择可保存的搭配
42	414	收藏已满，请先移除不需要的方案
43	416	已取消收藏
44	416	已收藏搭配
45	442	URI，没有落盘就无需清理
46	455	未能导入图片，请重试
47	464	正在保存上一件，请稍候
48	468	衣橱已满 100 件，请先整理后再添加
49	508	衣橱已满 100 件，请先整理后再添加
50	515	未能打开相册，请稍后重试
51	523	ID：文件名里带上它，才能按"这一轮建立的文件"做受限清理
52	533	已选择 ${created.length} 张，逐件确认后保存
53	550	导入失败：
54	550	请重试或跳过
55	634	当前设备不支持主体抠图，可继续使用原图
56	639	已有抠图任务在进行，请等它结束
57	651	抠图失败，可重试或使用原图
58	673	导入失败：
59	673	请重试或跳过
60	686	本地数据不可写，请先恢复存储
61	692	衣橱已满 100 件，请先整理后再保存
62	702	合身
63	702	基础色
64	702	简约
65	720	保存失败：
66	720	请检查存储空间后重试
67	762	放弃这一件？
68	763	这一件还没有保存，已填写的内容和这张照片都不会保留。其他项不受影响
69	764	继续编辑
70	765	放弃
71	799	正在保存，请稍候
72	801	还有图片在处理中，请稍候再退出
73	806	结束本次录入？
74	807	还有 ${pending.length} 件没有保存。已经保存的 ${summaryOf(this.importItems).saved} 件会保留，未保存的输入会被丢弃。
75	808	继续录入
76	809	结束
77	830	已保。${saved} 件衣物
78	878	穿搭测评
79	879	添加衣物
80	880	今日搭配
81	881	搭配收藏
82	882	衣橱整理
83	883	桌面卡片
84	888	体验已在使用
85	891	已领。7 天体验，基础功能一直可
86	900	未选择城市
87	908	手动温度
88	912	已切换到
89	916	已保存身材与色彩档案
90	921	本地数据不可写
91	924	收藏已满，请先移除不需要的方案
92	929	已更新方案
93	929	已保存方案
94	931	方案尚未保存到本机，请重试
95	932	方案保存失败
96	944	本地数据不可写，请先恢复存储
97	945	请先选择一套搭
98	954	请先添加可穿衣物
99	959	本地数据不可
100	965	穿搭记录尚未保存，请重试
101	966	保存失败，当前内容仍在，请重
102	972	已保存穿搭日
103	983	已删除这条记
104	988	已记录本次试穿输入，本次不会生成图片
105	1005	正在保存，请稍候
106	1008	请填写名称与场合，选择品类，并确认最低温度不高于最高温度
107	1032	保存失败：
108	1032	请检查存储空间后重试
109	1042	衣物属性已更新
110	1066	当前设备不支持主体抠图，可继续使用原图
111	1080	抠图失败，可重试或使用原图
112	1089	请先选择一套搭
113	1092	衣物状态已改变，请重新搭配
114	1098	手动温度
115	1110	重置演示衣橱
116	1111	将清空本机收藏、穿着记录和导入衣物，并恢。6 件示例衣物。原相册照片不会删除
117	1112	取消
118	1113	重置
119	1119	重置未写入本机，原数据仍然保留
120	1121	全部
121	1121	全部状
122	1126	部分导入图片尚未清理
123	1129	已恢复示例衣
124	1130	未能完成重置，原数据已保
125	1139	当前系统未能打开卡片管理，请从桌面应用图标添加服务卡片
126	1147	喜欢
127	1147	不喜欢
128	1148	喜欢
129	1148	不喜欢
130	1167	喜欢
131	1167	不喜欢
132	1168	喜欢
133	1168	不喜欢
134	1187	配色
135	1189	看重
136	1190	已保存，可随时修
137	1242	手动天气 · 
138	1258	天气温度
139	1294	分享搭配清单
140	1296	收藏搭配
141	1311	替换
142	1318	锁定或解
143	1327	查看试穿
144	1331	今天穿这套
145	1331	编辑画布
146	1352	手动天气
147	1409	返回
148	1469	批量录入衣物
149	1470	搭配工作
150	1471	搭配详情
151	1472	穿搭日记
152	1473	三姿势试
153	1500	搭配工作
154	1503	搭配
155	1508	收藏 
156	1520	锁定 
157	1520	 件 · 排除 
158	1520	 件
159	1522	清除
160	1528	需要调整搭配条
161	1531	还没有收藏的搭配
162	1531	喜欢的组合，都可以留在这里。
163	1607	你的穿搭偏好
164	1608	这些是可以随时修改的倾向，不是固定标签。推荐只会据此调整顺序，不会排除你的衣物
165	1610	版型倾向
166	1610	尚未选择
167	1611	配色偏好
168	1611	尚未选择
169	1612	风格倾向
170	1612	尚未选择
171	1613	叠穿接受
172	1613	较高
173	1613	较低
174	1613	中等
175	1614	图案与配度
176	1614	较高
177	1614	较低
178	1614	中等
179	1615	出门优先饰
180	1615	尚未选择
181	1616	修改偏好
182	1619	重新测验
183	1622	开始整理衣项
184	1638	@Builder 里：直接写在分支里时 ArkUI 会复用同分支的组件实例
185	1648	。${this.quizStep} / ${QUIZ.length} 第· ${QUIZ[this.quizStep - 1].hint}
186	1683	喜欢
187	1683	无所谓
188	1683	不喜欢
189	1689	喜欢
190	1689	无所谓
191	1689	不喜欢
192	1695	舒适
193	1695	正式感
194	1695	个性表达
195	1695	显瘦
196	1701	上一达
197	1705	不确
198	1711	下一题
199	1711	完成
200	1729	定
201	1729	题
202	1730	已穿 
203	1730	 次 · 
204	1732	编辑衣物
205	1736	衣物状
206	1744	围绕这件
207	1750	本轮排除这件
208	1782	三姿势试
209	1783	服务未接地
210	1792	本次衣物
211	1793	势
212	1795	正面站姿 / 自然侧身 / 动态姿
213	1798	当前版本尚未生成试穿图片，也不会上传人像。已有衣橱、搭配与收藏可以继续使用适
214	1800	返回搭配
215	1809	今天穿得怎么样？
216	1811	合服
217	1811	偏冷
218	1811	偏热
219	1811	不舒
220	1811	喜欢
221	1857	艺起
